# Day, lTeLC, hTeLC, GFP 
1.0,0.0,0.0,0.0
2.0,0.0,0.0,0.0
3.0,0.0,0.0,0.0
4.0,0.0,0.0,0.0
5.0,0.0,0.0,0.0
6.0,0.0,0.0,0.0
7.0,0.0,0.0,0.0
8.0,0.166666666667,0.0,0.666666666667
9.0,0.333333333333,0.0,0.833333333333
10.0,0.5,0.0,1.0
11.0,0.5,0.0,1.0
12.0,0.666666666667,0.0,1.0
13.0,0.833333333333,0.0,1.0
14.0,0.833333333333,0.0,1.0
15.0,0.833333333333,0.0,1.0
16.0,1.0,0.0,1.0
17.0,1.0,0.0,1.0
18.0,1.0,0.0,1.0
19.0,1.0,0.0,1.0
20.0,1.0,0.0,1.0
21.0,1.0,0.0,1.0
22.0,1.0,0.0,1.0
